title,price,publisher,pages,author
"Master, The (Huang Fei Hong jiu er zhi long xing tian xia)",118.49,"Christiansen, Heaney and Fay",197,Ruprecht Rooms
Angel of Mine (a.k.a. The Mark of an Angel) (L'empreinte de l'ange),270.2,Murazik LLC,310,Gwyn Winckle
Railroaded!,135.2,Bruen and Sons,7,Lotty Jedryka
Just Married,226.35,Hegmann LLC,17,Fran Bonin
Sisters (Syostry),194.46,"Kovacek, Ratke and Gutmann",345,Jennie Meardon
"Commune, La (Paris, 1871)",13.34,Blick and Sons,370,Nadya Balcock
Tropic Thunder,85.24,Gottlieb-Weber,467,Felike Crannach
The Last Word,192.52,Keebler Group,35,Thaddus Spoure
Taffin,113.53,Upton-Fadel,172,Jerrie Barz
Dirty Love,277.79,"Russel, Brekke and Zemlak",47,Perice Hyman
Sleeping Beauty,288.65,"Satterfield, Crona and Veum",235,Alexandra Sagerson
Venom,11.58,Spencer-Schroeder,253,Alejandrina Eim
"RKO Production 601: The Making of 'Kong, the Eighth Wonder of the World'",99.54,"Casper, Graham and Monahan",67,Veronike James
Hidden (a.k.a. Cache) (Caché),28.53,"Hilpert, Smitham and Stehr",345,Morgan Mattiuzzi
Sunshine,126.21,DuBuque and Sons,306,Buck Spaduzza
"Paralyzing Fear: The Story of Polio in America, A",253.19,"Skiles, Pfeffer and Dickinson",426,Micah Conaboy
For the Love of a Dog,8.66,"Leuschke, Collins and Kihn",368,Davin Gladeche
"Thousand Clowns, A",20.62,"Bernier, Murazik and Howe",441,Marchelle Bangs
"Darkest Hour, The",276.27,Hauck Group,245,Morissa Thrower
Marc Maron: Thinky Pain,197.04,"Strosin, Barton and Muller",356,Griswold Colisbe
Love Affair,205.36,"Mraz, Schiller and O'Kon",454,Ezra Edwicke
"Adjustment Bureau, The",118.41,"Simonis, Bins and McLaughlin",424,Miller Whittingham
Battle in Outer Space,159.63,"Franecki, Pfannerstill and Sauer",434,Gerek Larrad
Night of the Zombies (a.k.a. Hell of the Living Dead) (Virus),121.88,"Nikolaus, Lueilwitz and Homenick",458,Roch Braemer
Firewall,240.9,Macejkovic and Sons,348,Aylmar Maidment
Impostor,212.24,Corwin-Harris,159,Linell Abate
Goya's Ghosts,206.88,Hammes Group,348,Royal Beetham
Private Fears in Public Places (Coeurs),123.34,"Wehner, Daugherty and Kulas",166,Therine Libbe
Great Balls of Fire!,220.49,Hilpert-Langworth,91,Brien Marham
Corto Maltese in Siberia (Corto Maltese - La cour secrète des Arcanes),4.73,Klein-Mann,269,Jerrome Falks
Deathdream (a.k.a. Dead of Night),142.53,Trantow and Sons,167,Klara Setterthwait
Manny & Lo,242.88,Sanford Inc,453,Walden Yakutin
Will Ferrell: You're Welcome America - A Final Night with George W Bush,214.19,Hilll Group,397,Jehanna Garey
House Party,116.65,Mraz-Mueller,147,Daveen Blomfield
For the Love of a Dog,258.26,Baumbach Inc,229,Art Dunsford
"Wet Parade, The",113.79,Hilpert-Bahringer,134,Austine Mandres
Waterworld,98.24,Lang LLC,337,Bendicty Peverell
Bertie and Elizabeth,291.25,McGlynn and Sons,168,Llewellyn Pollard
Diamonds Are Forever,193.61,Greenfelder and Sons,410,Druci Belliss
Time Limit,67.73,Paucek Group,401,Wilmer Shama
"Children of the Century, The (Enfants du siècle, Les)",20.86,"Williamson, Bernier and Kunde",74,Friederike St. Hill
Perfect Stranger,194.52,"Hane, Kovacek and Heaney",78,Gustave Bankes
Star Trek VI: The Undiscovered Country,151.73,Boyle Group,18,Vic Sainte Paul
Psycho,63.87,"Simonis, Miller and Gottlieb",211,Tobin Henstridge
Rise of the Planet of the Apes,80.17,Hayes-Schumm,438,Janis Noden
Go Figure (Va savoir),229.72,"Botsford, Balistreri and Lemke",466,Woodman Salamon
Forbidden,197.96,Ebert Group,174,Valenka Greville
Chouga (Shuga),88.57,"Herman, Cartwright and Ferry",264,Victoria Choke
Addams Family Values,264.95,Kerluke Inc,422,Maiga Pothbury
Son of Lassie,123.22,"Yundt, Thompson and Bogisich",400,Lyndel Briand
Burton and Taylor,3.45,Ryan-Dooley,129,Phebe Brasseur
Justin Bieber's Believe,74.1,Okuneva Inc,312,Wanda Cumberpatch
Day of the Animals,60.12,Schuppe LLC,39,Karil Tallow
"Sunday Day in Hell, A (En forårsdag i Helvede)",89.35,Cronin-Powlowski,302,Udale Zettoi
Pleasantville,129.84,Brekke-Hahn,416,Allister Pryor
"Immigrant, The",80.65,"Feeney, Kutch and Wuckert",315,Blinni Sutherden
O,4.36,Braun Inc,42,Glynda Roback
Knock Off,182.43,Quigley and Sons,321,Winifred Mengue
"Hard Man, The",164.17,Stoltenberg Group,315,Margalit McTavish
Around the World in 80 Days,106.94,"Fahey, Dietrich and McCullough",11,Emilio Ambroix
The Pentagon Papers,241.54,Sauer-Kertzmann,302,Elizabeth Unstead
Revenge of the Electric Car,70.84,Pouros-Konopelski,142,Washington Scranney
Vermin,194.83,Kub Inc,396,Deerdre Foulger
Japon (a.k.a. Japan) (Japón),184.99,McLaughlin LLC,291,Darice Thurley
Daughters of the Dust,28.44,Marquardt-MacGyver,14,Horton Beardmore
Twixt,227.09,"Kreiger, Upton and Simonis",164,Jocelyn Pellissier
Where's Poppa?,128.67,Bruen-Stiedemann,381,Eberhard Bastide
Talaash,26.83,"Kuhn, Klocko and Jacobs",60,Camala Rainsden
All the King's Men,265.52,Glover-Smitham,244,Chrysa Guerin
Lake Tahoe,296.9,Emmerich and Sons,6,Shirlee Milsap
Tabu: A Story of the South Seas,210.61,Weber Group,264,Erastus Pickavance
All the Invisible Children,180.34,Skiles-McLaughlin,419,Zacharie Diess
Sorority House Massacre II,138.34,Erdman-Bartell,228,Carina Caverhill
Superhero Movie,253.58,"Conn, Pagac and Crist",379,Luce Marie
Pine Flat,285.35,Littel-Abbott,147,Keelby Schade
"Man Who Came to Dinner, The",229.29,"Bahringer, Windler and Parisian",229,Reiko Widmore
Enough Said,203.77,"Krajcik, Kreiger and Bailey",203,Marika Salvadori
Love and a Bullet,174.35,"Greenholt, Johnson and Fahey",38,Flor Kubalek
Mother of Mine (Äideistä parhain),46.49,"Trantow, Macejkovic and Roberts",395,Genevra Demead
How to Die in Oregon,277.67,Heidenreich-Legros,46,Millard Cox
Music From Another Room,83.06,"VonRueden, Lehner and Stroman",42,Gretel Payne
Killing Bono,233.28,McDermott Group,191,Sela Maxworthy
Closed Circuit,90.16,"Goyette, Kub and Brown",71,Tomasine Heard
Bliss (Mutluluk),291.99,Bergnaum Group,189,Jocelin Baptista
Four Brothers,215.67,"Wilderman, McClure and Weimann",174,Kelley Scattergood
"Swimmer, The",240.55,"Gleichner, Walsh and MacGyver",239,Dorise Perkis
"Rebound, The",299.89,Morar Group,101,Albertina Henstridge
Dragon Lord (a.k.a. Dragon Strike) (Long Xiao Ye),187.84,"Jerde, Conroy and Gislason",267,Evelin Ryburn
Another Chance,136.99,MacGyver-Mante,418,Stanislas Dudlestone
"Crow, The",35.34,Goyette-Marquardt,220,Suzann Doore
Tromeo and Juliet,22.62,"Goodwin, Reichert and Hodkiewicz",49,Mara Malenfant
"Hills Have Eyes II, The",287.55,Wolff and Sons,1,Quinta Feavers
"Truth of Lie, The (Die Wahrheit der Lüge)",72.37,O'Hara Inc,118,Clerkclaude Stormont
Body Shots,219.06,Homenick and Sons,138,Dar Churchard
House of Cards,129.69,"Langosh, Hahn and Bradtke",345,Laina Menhci
Beachhead,51.35,"Treutel, Hamill and Kris",320,Katerina Baraclough
Cran d'arrêt,290.75,Monahan-Dooley,120,Paola Zarfati
Cabaret Balkan (Bure Baruta),255.67,Strosin-Bartoletti,149,Reidar Arnison
My Friend Irma Goes West,109.15,Auer-Grant,50,Harmonia Hehl
"Guard, The",155.24,"Kub, Gorczany and Daugherty",306,Pace Wooller
"Whistleblower, The",187.83,Shanahan and Sons,378,Hildagarde Bickardike
High School Musical 2,73.01,Klocko-Ernser,134,Daryl Wymer
Die Fischerin,206.49,Schoen Inc,477,Dana Gergher
Cocaine Cowboys II: Hustlin' With the Godmother,51.3,"Farrell, Ratke and Rippin",180,Hermia Entwhistle
Le Donk & Scor-zay-zee,281.76,Hamill and Sons,84,Tabby Seacroft
"Enforcer, The",188.82,Hermiston and Sons,118,Christiano Vasiljevic
Annie,190.39,Miller Group,344,Tomasina Hunston
Cartoon All-Stars to the Rescue,42.14,"Tillman, Kris and Beer",227,Starlene D'Antonio
Stretch,102.46,Bartoletti Group,384,Kial Quiddinton
Facing Ali,82.33,"Kessler, Dicki and Bednar",402,Emmy Poizer
Freedom Song,167.32,"Daniel, Willms and Nitzsche",381,Wilfrid Van Son
"Hobbit: An Unexpected Journey, The",277.63,"Romaguera, Buckridge and Sanford",430,Cissy McGebenay
Euphoria (Eyforiya),120.69,Swaniawski-Tillman,415,Dulce Gautrey
Pan,168.45,"O'Reilly, Huel and Adams",49,Rheta Rykert
Muppet Treasure Island,201.94,Mayert Inc,10,Shae Kewzick
G@me,27.8,Gutkowski-Konopelski,123,Kalie Bleasdale
Red Cliff Part II (Chi Bi Xia: Jue Zhan Tian Xia),216.01,Powlowski LLC,198,Virge Briscam
Year of the Dragon,187.13,Brekke Group,328,Berti Olivie
Near Dark,229.17,Bernhard-Langworth,183,Johnna Davall
"Bedroom Window, The",111.34,Howe-Hickle,255,Cathee Cottam
McConkey,221.19,"Schroeder, Abernathy and Sipes",466,Cameron Stave
Mugabe and the White African,255.28,Heidenreich-Keeling,128,Eloisa Greenwell
Bright Future (Akarui mirai),17.35,"Cormier, Marquardt and Kirlin",441,Brinn Kleinerman
Ride the Divide,169.21,Upton LLC,36,Cathy Stanway
Blood Moon,192.36,"Lesch, Swift and O'Conner",139,Catherina Malyj
Chromophobia,254.88,Stokes and Sons,475,Brenden Demeza
Divine Horsemen: The Living Gods of Haiti,25.76,Kuhlman-Quitzon,276,Lorettalorna Lambrick
"Boy Friend, The",202.83,Graham-Sanford,243,Sydel Glason
Stan Helsing,154.79,"Bartell, Dietrich and Kautzer",360,Marketa O'Lehane
"Brothers Karamazov, The",190.03,"Kassulke, Abshire and Stiedemann",224,Jinny Wedderburn
Body and Soul,262.68,Treutel-Wuckert,324,Ethelda Methven
Mean Guns,296.12,"Luettgen, Stanton and Fisher",82,Reyna Dargie
Tomboy,233.69,"Pollich, Stiedemann and Greenholt",63,Florinda Arnould
"Killer Meteors, The (Feng yu shuang liu xing)",273.09,"Wintheiser, Koss and Kris",25,Branden Maywood
"Profit, The",203.45,"Collier, King and Ritchie",375,Freddie Forrest
Power 98,243.88,Renner Group,408,Sophi Verriour
Brigadoon,232.34,"Krajcik, Auer and Welch",132,Walliw Flicker
Dark Portals: The Chronicles of Vidocq  (Vidocq),252.33,Feest and Sons,34,Ralf Worden
Tales of Vesperia: The First Strike (Teiruzu obu vesuperia: The first strike),221.07,Beahan and Sons,492,Mallorie Keepin
Outrage (Autoreiji),177.72,Hudson-Kuhn,120,Alphonso Escot
It Could Happen to You,107.84,Morar Inc,288,Jarad Brimm
Enemy Mine,278.79,"Fay, Hagenes and Rolfson",494,Gerti Gomery
Executive Suite,149.25,"Koelpin, Cummings and Feest",269,Josey Aykroyd
Stupid Boy (Garçon stupide),69.81,"Dietrich, Batz and Wintheiser",423,Loree Gibbs
Dead Rising: Watchtower,230.75,"Christiansen, Kemmer and Padberg",74,Teriann Joss
Because I Said So,245.78,Kozey LLC,225,Ellary Hattoe
Some Body,170.71,Osinski-Reilly,92,Marylou Natt
"Gold Rush, The",250.0,Graham-Kuhn,278,Nissa Gridon
Saving Grace,224.58,Schuster and Sons,402,Jerrilee Beazley
"Tiger and the Snow, The (La tigre e la neve)",231.84,Reynolds-Casper,384,Ceciley Crisell
"Star Packer, The",130.5,"Cronin, Breitenberg and Medhurst",184,Louis Shoemark
Changing Sides (De l'autre côté du lit),189.56,Abbott-Jacobson,383,Mercedes Boobier
In a Glass Cage (Tras el cristal),196.68,"Greenfelder, Miller and Doyle",438,Veronike Bastow
"Celluloid Closet, The",15.84,Murray-Considine,334,Clifford Hedderly
Mystery Science Theater 3000: The Movie,59.58,Waelchi-Grady,353,Berte Woolis
Pavement: Slow Century,276.51,"Grady, Funk and Johnson",220,Juliette Loving
"Man with a Cloak, The",230.21,Dickens LLC,352,Mendel Lawman
Highway Racer,84.89,Miller Inc,268,Yorgos Greengrass
Jackpot,8.09,Kiehn Inc,491,Nadya Pattington
"Toast of New York, The",207.34,Sporer Inc,445,Clevie Grimsdith
Chappie,26.03,Funk and Sons,295,Elia Gontier
Criminal,286.48,Kub Group,493,Worden Flint
Don't Bother to Knock,260.32,Quitzon LLC,187,Eve Tavernor
Rapture (Arrebato),136.58,"Kertzmann, Turcotte and Walsh",392,Thorsten Haibel
Babylon 5: The Lost Tales - Voices in the Dark,297.39,"Kulas, Mann and Cormier",377,Brucie Matthis
Bears,161.59,Lang Inc,305,Consuelo Fane
Ranma ½: Nihao My Concubine (Ranma ½: Kessen Tôgenkyô! Hanayome o torimodose!!),43.03,Gutmann-Gusikowski,17,Elaine Hoodlass
"Swimming Pool, The (La piscine)",159.51,"Welch, Shields and Crist",83,Giffy Poupard
"Little Stiff, A",201.51,"Koss, Steuber and Prohaska",40,Jojo Yurenin
Permanent Midnight,92.81,Bins-Robel,102,Sheppard Goadby
"10,000 BC",212.78,Zemlak-Champlin,481,Anatol Embery
Swimming Pool,36.01,"Jast, Jacobson and Langosh",344,Ruthy Mularkey
Devil Girl From Mars,142.71,Sauer-Dooley,54,Annadiane Minico
"Alan Smithee Film: Burn Hollywood Burn, An",192.46,Boyle-Walsh,443,Stillmann Fortnam
Justice League: War,175.56,"Kreiger, Cummerata and Spinka",127,Melita Haucke
Mutant Action (Acción Mutante),175.87,Kuvalis Group,378,Barnett Tildesley
"Gruffalo, The",19.59,Buckridge Inc,445,Mallorie Yakebovich
"Letter, The",296.2,"Bednar, Roob and Fadel",395,Lucia Blaszczynski
"Ugly Truth, The",94.19,"Turcotte, Jakubowski and Konopelski",48,Gabi Dinesen
"Life of David Gale, The",57.96,McCullough-McGlynn,117,Vina Cline
Budz House,208.4,"Larson, Kuhic and Schiller",133,Tarrance Spiers
Quarantine,3.99,"Fadel, Cole and Lynch",341,Loise Guile
Five Easy Pieces,214.16,Lesch-Spinka,360,Eveline McMonies
"Kind of Loving, A",167.15,"Hoppe, Johnson and Parker",116,Tova Whyffen
Kidnapped,9.29,Koss-West,366,Hank Seyers
Tora! Tora! Tora!,40.32,Gislason Group,263,Christiana Duckering
"Last Temptation of Christ, The",235.96,Spinka LLC,433,Josee Dorbin
The Brain,199.81,Kshlerin Group,269,Cullan De Brett
Supernova,27.49,"Volkman, Hartmann and Turcotte",497,Caro Bisatt
1000 Journals,21.7,Bosco Group,405,Berkly Ginman
Strange Cargo,3.59,"Herman, Koss and Watsica",108,Matias Donahue
Otis,40.91,Weissnat Inc,176,Wilfred Boon
"Ali Zoua: Prince of the Streets (Ali Zaoua, prince de la rue)",297.27,"Schroeder, Bahringer and Towne",265,Forrest Vaun
Amuck!,42.93,"Schoen, Ankunding and Jakubowski",329,Evangelin Le Frank
"Last Drop, The",27.69,Nikolaus-Pfeffer,384,Kakalina Janton
Kart Racer,10.69,MacGyver-Shanahan,252,Pooh Dyers
Gold Diggers of 1933,258.1,"Hilpert, Beier and Parisian",219,Golda Bachura
All Over the Guy,3.83,"Hackett, Smith and Collins",114,Lilias Strangwood
Forever Hardcore: The Documentary,249.34,"Trantow, Crooks and Turcotte",258,Forester Scohier
"Billy Blazes, Esq.",153.74,Monahan-Fahey,404,Silvan Dellenbroker
3 Extremes (Three... Extremes) (Saam gaang yi),150.2,Brakus-Leffler,341,Rita Minshaw
Pelle Svanslös,8.06,Moen Group,253,Marcy Lundbech
On the Edge (Hak bak do),253.52,Reichel Group,21,Niven Mehaffey
Against All Odds,25.85,Kuhn Group,471,Dolly Neilus
Big Buck Bunny,32.88,Bradtke Inc,226,Darleen Conyer
Girl,79.19,Emmerich Inc,380,Rosalynd Erswell
"Story of O, The (Histoire d'O)",67.99,Simonis-Rempel,166,Cindra Tassell
Don't Think About It (Non Pensarci),67.25,Medhurst-Marvin,302,Sharai Twiname
With Friends Like These...,228.89,Ledner-Collins,236,Kain Stillert
Dear Brigitte,210.75,White-Lemke,111,Birk Cockhill
Beverly Hills Cop II,177.26,Franecki-Rolfson,99,Pattie Standall
When the Last Sword is Drawn (Mibu gishi den),222.69,"Kshlerin, Corkery and Jacobson",129,Zola Hun
Tremors 3: Back to Perfection,69.61,"Ondricka, Harber and Sanford",129,Krystle Minard
Flesh and Bone,25.24,Wilkinson and Sons,330,Minta Hogsden
Whitewash,129.93,Bernhard Group,252,Malynda Sahnow
"Boys, Les",60.77,Walker-Roob,289,Baryram Faragher
Over My Dead Body,204.86,"Jacobs, Prohaska and Goodwin",448,Greta Messier
"Honor Among Thieves (Adieu l'ami) (Farewell, Friend)",90.7,Dach-Weissnat,13,Judi Keene
Pooh's Heffalump Movie,198.46,"Mohr, Swaniawski and Boyer",111,Nevil Huckleby
"Black Room, The",61.4,Collins Group,218,Kenyon Braybrooke
Eyes of Laura Mars,193.65,Grimes Inc,354,Cymbre Ielden
Snatch,86.87,"Treutel, Wolf and Weber",92,Ermentrude Veltman
"Queen of Versailles, The",28.64,"Kuphal, Torphy and Collins",313,Garnet Ziemke
Local Hero,224.15,Schmitt and Sons,158,Allister Gilbody
Babes in Toyland,274.86,"Bergstrom, Gerhold and Wyman",158,Giustina Niesing
"Drop, The",40.92,"Dibbert, Schaden and Krajcik",58,Court Ashall
Halloween H20: 20 Years Later (Halloween 7: The Revenge of Laurie Strode),176.4,Gulgowski Group,345,Madlen Lehrmann
Beethoven's Treasure Tail,139.43,Dibbert-Senger,245,Ingeborg Matusson
Hannah Takes the Stairs,219.86,"Hahn, Labadie and Schaefer",496,Ephrem Damper
Ice Castles,174.78,"Dickens, Johns and Schneider",121,Consuelo Mountlow
Numbskull Emptybrook in the Army (Uuno Turhapuro armeijan leivissä),38.34,Bartoletti LLC,317,Howey Houldey
No Time for Love,51.67,Dickens-Schimmel,162,Bailey Bourdis
"Making of a Legend: Gone with the Wind, The",77.73,Mills-Bogisich,183,Kath Aronstam
He Died With a Felafel in His Hand,267.52,Sipes and Sons,224,Erin Banbrook
Travelling Salesman,292.98,Doyle Group,134,Gabriello Jephcott
Confessions of a Driving Instructor,99.61,Renner-McGlynn,150,Lauren Bagwell
Nine Miles Down,250.62,"Robel, Bogisich and Deckow",254,Tani Smewin
Ruby Cairo,134.73,Nienow LLC,415,Richie Carncross
"Hole, The",161.86,"Nienow, Davis and Smitham",264,Diane Houndsom
Snake Woman's Curse,117.51,Ruecker and Sons,256,Mandie Severs
E.T. the Extra-Terrestrial,250.36,"Ortiz, Rolfson and Stehr",305,Rhett Ferriman
Smashed,224.46,Kuhic-O'Conner,4,Tiffanie Solloway
Strul,43.19,Bradtke and Sons,481,Chrissy Cudby
Born Wild,103.63,Sauer-Mayert,236,Lemar Alywen
"Execution of P, The (Kinatay)",110.73,Cremin Inc,430,Renie Hugle
"Soldier's Daughter Never Cries, A",160.92,Buckridge-Waters,216,Normand McNee
Sound and Fury,42.0,"Breitenberg, Bernhard and Lind",352,Tyne Blight
Suzhou River (Suzhou he),198.86,Carter-Turner,356,Martynne Pagett
"Chemical Brothers: Don't Think, The",199.38,Moen-Bruen,43,Aili Radmore
Iceman,150.53,Kutch Group,141,Enrika Butfield
"RKO Production 601: The Making of 'Kong, the Eighth Wonder of the World'",164.22,"Parker, Rau and Swaniawski",344,Mallorie Jewitt
A Chairy Tale,40.35,"McLaughlin, Welch and Schmidt",207,Julissa Coutts
Tin Man,29.91,"Medhurst, Smitham and Botsford",377,Hurley Aireton
Brimstone and Treacle,261.43,O'Kon-Lesch,51,Ingrid Dixey
"Road to El Dorado, The",200.99,"Langosh, Barton and Wyman",24,Udale Twohig
Knights of Bloodsteel,223.18,McGlynn and Sons,445,Carmelina Lippard
"Queen Margot (Reine Margot, La)",147.2,"Schneider, Berge and Wolf",100,Gavin Palister
"Gilded Lily, The",254.14,Klein-Runolfsson,123,Raven Balderston
Changing Times (Les temps qui changent),219.28,"MacGyver, Reichel and Moore",374,Kelvin Gingel
"Tigger Movie, The",8.71,Hermiston Inc,277,Katharina Ovid
Theodore Rex,2.16,Schiller and Sons,17,Josephine Ambrosoni
"Way, Way Back, The",42.06,Rau-Mertz,414,Kaila ducarme
Cats Don't Dance,227.78,Hodkiewicz and Sons,428,Koressa Coulson
"Act of Killing, The",220.96,Volkman-Lemke,76,Sib Ivory
Danika,235.68,Aufderhar Group,104,Shayne Chaize
Dark Shadows,8.73,Hansen-Hagenes,452,Kimball Timson
Between Two Worlds,209.59,Heathcote-Botsford,161,Noam Lindop
California,223.98,Borer Inc,273,Kimbell Raynes
White God (Fehér isten),90.76,Corkery and Sons,395,Trey Bagnall
Grudge Match,88.79,Baumbach-Bayer,160,Alvira Grieg
"Runner, The (Davandeh)",190.81,Will-Anderson,416,Paloma Herche
Palookaville,243.2,Heidenreich-Reichel,106,Brenda Grigorescu
"Man There Was, A (Terje Vigen)",10.45,Krajcik LLC,297,Toinette Dowding
"Uncle Marin, the Billionaire (Nea Marin miliardar) (Uncle Martin, the Multimillionaire)",170.09,Breitenberg LLC,333,Sharline Jeffels
"White Hell of Pitz Palu, The (Die weiße Hölle vom Piz Palü) ",120.13,"Hickle, Tremblay and Satterfield",452,Netti Hartridge
Braddock: Missing in Action III,200.4,Gislason-Corwin,268,Cyndia Haspineall
"Last Lovecraft: Relic of Cthulhu, The",198.18,"Heathcote, Block and Abernathy",290,Veradis Cottam
"Saban, Son of Saban",157.5,"Torp, Langworth and Hoppe",315,Kaspar Allicock
The Land Before Time VI: The Secret of Saurus Rock,181.22,Walsh and Sons,379,Huntington Bolf
Fade to Black,37.4,West and Sons,464,Catharine Titcom
City of Life and Death (Nanjing! Nanjing!),6.62,Schuppe LLC,476,Pinchas Dungee
Wild America,149.23,Bahringer-Wisoky,134,Noellyn Nel
Witches' Hammer (Kladivo na carodejnice) ,10.94,Ledner Group,313,Lucille Dienes
Girl Shy,262.02,Hickle-Thiel,418,Halli Polet
"Notorious Bettie Page, The",201.74,McKenzie Inc,100,Clovis Stenbridge
Solas,60.43,"Kemmer, Quitzon and Bradtke",353,Jamil Di Meo
Bionicle 2: Legends of Metru Nui,218.47,Bailey-Hermann,357,Sibley Bunn
Alice (Neco z Alenky),141.71,Kohler Inc,310,Ruttger Kimbling
Sparrows,291.87,"Zboncak, Volkman and Ritchie",144,Jessamyn MacLaughlin
"Other Side of Midnight, The",177.28,Halvorson-Will,339,Elisha Edgecumbe
America 3000,234.91,Bernhard-Becker,183,Lauryn Nairns
Miss Castaway and the Island Girls,251.7,Wintheiser-Schumm,309,Stesha Freezer
"State of Things, The (Stand der Dinge, Der)",56.88,Spencer Inc,104,Hayward Fauning
"Cross: The Arthur Blessitt Story, The",195.66,Rodriguez-Cruickshank,279,Ethelin Montes
Bandolero!,146.96,"Hills, Hackett and Gottlieb",22,Isobel Emma
Trouble in Paradise,214.48,"Braun, Ziemann and Thompson",217,Matthiew Pinard
Pekka ja Pätkä Suezilla,286.52,Schaefer Group,269,Barret Vero
"Drum, The (Drums)",268.68,Ziemann Inc,159,Jess Allinson
Ignition,139.25,Schumm-Hodkiewicz,333,Alonzo Ridehalgh
Anatomy of a Murder,9.62,Turner-Zulauf,162,Amanda Binnell
Ultraviolet,181.79,"Brekke, Nienow and Dooley",440,Cordula Paxeford
Girl 6,287.24,"Becker, Boyer and Denesik",108,Griselda Hanny
Girl of the Golden West,15.29,"Schamberger, Abernathy and Kautzer",77,Corliss Lyness
Aaja Nachle,247.27,Gutmann Inc,409,Cati Esilmon
Herbie Goes to Monte Carlo,21.7,Harvey LLC,439,Fairlie Streight
Emil i Lönneberga,236.94,Deckow-Hansen,418,Marianne Casero
Gummo,243.31,"Raynor, Hammes and Wilderman",353,Giselle Capinetti
Record of a Tenement Gentleman (Nagaya shinshiroku),97.16,Streich-Rohan,56,Saunders Hatliffe
House Party: Tonight's the Night,275.63,Braun-Kshlerin,466,Duffie Clayfield
"Where Angels Go, Trouble Follows",247.2,Hackett Group,10,Winfred Abbott
Freeze Me,75.81,Hoppe Group,113,Emmaline Normanton
"Friend of the Deceased, A (Priyatel pokonika)",22.3,"Kihn, O'Keefe and Grady",457,Mady Crease
Stupid Boy (Garçon stupide),190.74,"Harris, Ernser and Lockman",216,Dunc Grevile
"Earth Is a Sinful Song, The (Maa on syntinen laulu)",92.6,"Armstrong, Klein and Prosacco",465,Reinold Plumley
"Exterminating Angel, The (Ángel exterminador, El)",197.12,Torphy Group,277,Victoria Crose
"Pit, The",237.87,Gorczany-Boyer,87,Broddy Nisco
Much Ado About Nothing,208.76,Maggio Group,204,Lori Copas
Keith,234.81,Collins Inc,368,Spike Knoller
Call Her Savage,66.4,Cruickshank-Predovic,93,Dill Halmkin
The Uninvited Guest,6.31,Nader LLC,78,Heath Mayhead
Seventh Horse of the Sun  (Suraj Ka Satvan Ghoda),269.23,Koepp-Hickle,139,Ilka Lorans
Planet 51,63.81,"Satterfield, Abbott and Morissette",133,Lizbeth Ary
Lost Horizon,112.58,Heaney Group,370,Phil Webby
Somewhere,88.25,"Mertz, Bergstrom and Ernser",66,Dougie Caroll
"Not Love, Just Frenzy (Más que amor, frenesí)",190.74,Stark LLC,55,Eyde Bauer
I Became a Criminal (They Made Me a Fugitive),206.87,Connelly-Schaefer,183,Andriana Walshaw
"Phantom, The",260.01,Buckridge-Klocko,261,Ulrikaumeko Kighly
Phantasm IV: Oblivion,14.84,"Grimes, Durgan and Doyle",478,Eddy Rockey
Nude Nuns with Big Guns,17.42,Hoeger-Fritsch,368,Kimmie Brookton
Black Hand,92.09,Hoeger Group,89,Minnaminnie Tonge
"Brown Bunny, The",124.86,"Aufderhar, Schumm and Reynolds",389,Madelene Currie
The Indian Fighter,176.78,Bayer-Funk,38,Marrilee Chestney
So Long Letty,244.91,Kris-Walsh,273,Vonni Ganny
Devil in a Blue Dress,235.76,Hoeger-Nienow,138,Mame Pocklington
Nowhere to Hide (Injeong sajeong bol geot eobtda),40.68,Douglas-West,73,Marice Deverill
Beethoven,176.13,Schmeler-Green,209,Prisca Gallemore
Just Add Water,130.22,Heaney and Sons,445,Batsheva Asif
Yrrol: An Enormously Well Thought Out Movie (Yrrol - en kolossalt genomtänkt film),146.17,Kunde-Bauch,310,Nicoli Greenway
Dirty Rotten Scoundrels,5.89,Hackett-Pagac,1,Cherilynn Zorn
A Coming-Out Party,156.9,Koelpin Inc,129,Bernetta Lawley
"Private Lives of Elizabeth and Essex, The",122.05,"Pacocha, Schumm and Lockman",243,Shermy Webermann
Hell and High Water,71.55,Bode-Lemke,382,Mar McCarver
"Hart of London, The",292.34,Larson-Torphy,63,Janna Gerardeaux
Gitmek: My Marlon and Brando (Gitmek: Benim Marlon ve Brandom),190.13,"Hand, Schinner and Pouros",60,Boris Duesbury
After Sex,12.78,Beer-Halvorson,230,Kip Hilbourne
Madame Bovary,214.4,"Ruecker, Reichert and Bailey",442,Elissa Lathan
Gimme the Loot,6.48,Ratke-Pfannerstill,225,Wyatan Ciabatteri
Single White Female,25.61,Pfeffer Inc,165,Elvira Vagges
"Next Man, The",209.37,Boyle-McDermott,458,Parnell Camps
Making 'The New World',103.36,"Maggio, Ruecker and Haley",42,Agosto Jowsey
Boy Meets Girl,80.5,Russel-Powlowski,18,Damita Cratchley
"Ceremony, The (Gishiki)",10.84,Durgan Group,91,Florian Salt
"Sign of the Cross, The",115.38,Kovacek Group,29,Dedie Stave
Borderland,162.51,Orn Inc,356,Lory Mervyn
Jimmy Carter Man from Plains,256.52,"Grimes, Jakubowski and Kertzmann",299,Mara Hartfield
Different from the Others (Anders als die Andern),22.77,Labadie Inc,18,Marthena Markova
"Take, The",225.55,Emard-Kerluke,221,Garvey Elliott
American Strays,217.77,"Russel, Schaden and Ratke",264,Beryl Caddell
Dylan Dog: Dead of Night,163.82,Flatley-Rippin,249,Alleen Hornbuckle
Airbag,195.32,Labadie-Ritchie,231,Rich Swinley
Bachelorette,256.31,Von LLC,180,Graeme Jozsa
American Boy: A Profile of: Steven Prince,117.07,"King, Quitzon and O'Reilly",248,Franz Fieller
Straw Dogs,218.57,Lynch LLC,86,Dare Heaford
Pompeii,292.0,Wilderman-Mertz,86,Kristin Benettelli
New Jersey Drive,163.86,"Schneider, Adams and Spinka",201,Matthias Rosgen
Joe,146.36,"Hintz, Nienow and O'Kon",36,Melamie Yule
Prince of Persia: The Sands of Time,66.56,"Balistreri, Klocko and Schimmel",115,Vergil Sines
Wagner's Dream,159.17,"Mills, Jerde and Balistreri",54,Cornell MacCaffrey
127 Hours,214.13,"Auer, Miller and Breitenberg",189,Elka Jermyn
Walk Hard: The Dewey Cox Story,31.3,"Gusikowski, Dickens and Wilkinson",237,Andras Rossant
"Notebook, The (A nagy füzet)",125.68,Haley Inc,158,Eadie Reinhart
"Good Morning, Miss Dove",18.75,"Gerhold, Kirlin and Gislason",484,Melessa Dilleway
Barren Lives (Vidas Secas),288.35,"Ernser, Weber and Heaney",2,Manya Crickmore
Liberty Stands Still,126.73,"Green, Lockman and Ruecker",499,Shermy Kelledy
And God Created Woman (Et Dieu... créa la femme),65.0,Dibbert Inc,211,Ludvig Thomsson
Moonwalker,142.68,"Wuckert, Roob and Witting",330,Ringo Kid
Those Daring Young Men in Their Jaunty Jalopies,93.96,Turner Inc,269,Hadria Auston
Carmen Miranda: Bananas Is My Business,113.68,Quitzon-Klein,118,Andra Presshaugh
La Putain du roi,129.91,Harvey Group,396,Sharline Rawle
"Tree of Knowledge, The (Kundskabens træ)",151.47,Tillman Inc,410,Sandor Francesch
North (Nord),144.13,"Abshire, Bogisich and McClure",395,Dalt Sammars
This Is My Life,237.74,"Klocko, Doyle and Gorczany",443,Caryl Rayne
Vares: The Path of the Righteous Men (Vares - Kaidan tien kulkijat),62.94,Orn LLC,487,Karee Longland
Lucifer Rising,109.9,Farrell LLC,487,Bradley Perle
Geri's Game,272.24,Wuckert and Sons,199,Arlena Sallan
Godzilla vs. Megalon (Gojira tai Megaro),44.62,"Runte, Wolff and Nader",262,Charley Batteson
Larry Crowne,171.89,Robel-Waters,421,Dorita Marchington
Godspeed You! Black Emperor,150.35,Predovic and Sons,257,Peterus Haine
Neverland,247.09,"Funk, Stracke and Ondricka",63,Trefor McGall
"Amityville Curse, The",42.77,"Parisian, Wiza and Cummings",204,Inglebert Simionato
Deep Sea 3D,139.48,Schmitt Inc,132,Amabel Magowan
Our Modern Maidens,139.44,Morar-Streich,177,Patin Saleway
"Claire's Knee (Genou de Claire, Le)",152.06,"Homenick, Howell and Adams",256,Jennee Scotchbrook
King of Beggars (Mo jong yuen So Hat-Yi),168.9,Thiel Group,259,Bili Guerrin
Jerry and Tom,179.56,Steuber LLC,70,Lulu McVanamy
"Truth About Love, The",10.39,Zieme and Sons,63,Angeli Kevern
Jackass 2.5,246.91,Bayer Inc,461,Sybila McLelland
I'll Be There,173.92,Cormier Inc,263,Travis Abbotson
Action in the North Atlantic,267.03,Lynch-Reilly,297,Maiga Pischoff
"Promised Life, The (Vie promise, La)",220.96,Walter-Roob,120,Regan Spataro
Hotel Rwanda,238.61,Murphy-Lakin,83,Yolanda Cheine
"Oh, Susanna!",244.86,"Breitenberg, Brekke and Franecki",281,Annabel Iveson
Village of the Damned,235.46,"Kreiger, Zemlak and King",84,Allsun Boffin
To Catch a Thief,89.5,"Braun, O'Kon and Stark",41,Christoph Irvine
God Help the Girl,126.1,Heller-Zulauf,407,Prudence Sallnow
Sour Grapes,203.4,"McDermott, Turner and DuBuque",79,Rosalind Dally
Three Stars,42.12,Parisian Group,341,Markus Littrik
"Second Chance, The",27.58,Howe LLC,238,Kaye Westmorland
Eyes of Laura Mars,60.41,Nikolaus-Mills,258,Giles Trusler
Unknown White Male,120.08,Hamill and Sons,43,Benito Sone
Border Feud,209.68,"Reinger, Hyatt and Johnston",160,Ashlen Hiom
Boyz N the Hood,141.73,Moore-Howe,357,Michelina Tysall
Virus X,19.22,Brekke and Sons,73,Darcee Mose
Without Love,214.34,Kerluke-Jacobson,307,Norine Salmond
Veronica Guerin,12.01,Sawayn and Sons,474,Natala Theseira
Léolo,12.37,"Braun, Durgan and Sanford",477,Tamarra Yaxley
Our Daily Bread (Unser täglich Brot),33.22,Luettgen Group,166,Jolie Byway
"Caveman's Valentine, The",4.51,Zieme LLC,323,Esta Robrow
Calendar Girl,182.51,Lindgren-Greenfelder,32,Ursula Eaglen
Career Girls,74.61,Jones LLC,15,Jose Coleford
Citadel,164.58,O'Hara-Mraz,318,Shaine Spreckley
Race to Witch Mountain,51.02,"Armstrong, Schaden and Lehner",217,Ruthy McFetrich
"Trigger Effect, The",191.71,"Carroll, Kuhlman and Bernier",104,Jemmie Havenhand
Ghost Rider: Spirit of Vengeance,129.69,Mayer and Sons,31,Angelica Kidder
Ulysses' Gaze (To Vlemma tou Odyssea),184.16,"Jerde, Smitham and Gislason",463,Joyous Orrock
Two Solutions for One Problem (Dow Rahehal Baraye yek Massaleh),155.86,Hoppe Inc,95,Maurizia Branca
Samurai Fiction (SF: Episode One),88.05,Crist and Sons,219,Brynn Gooderidge
Daybreak,266.92,Bashirian Group,298,Bruce McGarrahan
Raising Cain,107.26,Nader Inc,358,Karine Routley
"Burning Bed, The",45.64,Emmerich-Boyle,284,Cloris Coady
Peeping Tom,221.11,Ledner-Senger,58,Stanleigh Chettle
"Other Side of Sunday, The (Søndagsengler)",250.78,Beahan Group,140,Rozalie Mair
Demonic,2.72,"Hartmann, Hand and Anderson",301,Janean Maylam
If These Walls Could Talk 2,208.69,Littel-Hoeger,235,Pippo Halleday
"Brats, The (Les gamins)",146.74,"Champlin, Strosin and Tromp",266,Saul Goundsy
"Rare Breed, The",87.42,Heidenreich LLC,426,Smitty Durram
Cosmic Psychos: Blokes You Can Trust,278.38,Grady Group,7,Gib Attiwill
Undisputed,21.74,"Casper, Haley and Hackett",28,Rae Stoltz
"Swamp, The (Ciénaga, La)",124.6,Quitzon Inc,235,Charlie Troyes
"Man, The",30.21,Torphy LLC,291,Babs Duncombe
Benny & Joon,157.19,Ankunding-Douglas,349,Abbey Davydkov
Chantilly Lace,285.58,Kutch and Sons,103,Michaeline Amos
"Greatest Show on Earth, The",168.36,Schowalter-Batz,114,Ettore Finlaison
Safe,31.72,Walker-Collins,163,Conrad Quigley
Listen to Your Heart,74.35,Mann-Armstrong,53,Teddi Earie
"Ballad of Nessie, The",258.95,"Schumm, Swift and Kirlin",193,Wilbert Cornfield
Tall Story,286.13,Reynolds-Hirthe,329,Brett Peal
Medicine for Melancholy,28.56,Christiansen-Maggio,101,Wynn Malimoe
Black Dragons,206.4,Runte-Heaney,254,Iorgo Clowser
Innocent Voices (Voces inocentes),269.51,Hahn Inc,408,Skyler Charlotte
12 Dates of Christmas,155.57,"MacGyver, Kessler and Emmerich",424,Lil O'Farrell
My Life in Orange (Sommer in Orange),50.86,Bins-Abernathy,132,Jenny Bruckstein
Albert Nobbs,24.35,Connelly LLC,412,Bernice Swinney
Cause for Alarm!,76.23,"O'Hara, Rohan and Zboncak",467,Rickie Heild
"Goodbye, Mr. Chips",121.53,Nolan and Sons,408,Galven Puttick
With Friends Like These...,42.78,"Kozey, Douglas and Connelly",122,Orella Aleksankin
Downeast,2.87,Daniel Group,268,Maible Bartaletti
One Wonderful Sunday (Subarashiki nichiyobi),7.81,Krajcik and Sons,48,Ertha Raggatt
15,246.3,Pouros and Sons,387,Cymbre Orrick
Blood Ties,131.73,Wolf LLC,236,Aurore Copp
Barbarians at the Gate,3.1,McKenzie-Casper,358,Shannon Krook
Two Moon Junction,252.72,Schneider-Von,436,Molly Ziemen
"Tiger Brigades, The (Les brigades du Tigre)",39.14,Boehm LLC,310,Chaddy Rookes
Rendez-vous,187.88,"Mitchell, King and Kihn",248,Carter Palfree
"Avengers, The",268.71,"Stroman, Rolfson and Davis",374,Leonidas Krysztowczyk
Some Kind of Hero,243.95,Kris-Kerluke,455,Armstrong Ogles
Pure Luck,62.48,Kub-Gorczany,483,Benoit Jzhakov
Outrage,202.59,Lehner-Collins,2,Kaspar Flaherty
"Perfect Fake, A",74.74,Murray Group,469,Cymbre Hammerberger
"Cost of Oil: Voices from the Arctic, The",156.8,Lindgren Inc,450,Josefa Archley
"Hidden Assassin (Shooter, The)",95.67,"Smith, Nitzsche and Yundt",188,Davy Degnen
Three O'Clock High,249.89,Robel-Cruickshank,136,Sean Yewdale
"Man with the Movie Camera, The (Chelovek s kino-apparatom)",199.11,Haley-Herman,167,Amberly Baty
Dead Time: Kala,52.64,Dicki-Renner,498,Georgeanne Marrington
Japanese Story,202.38,Gottlieb-Gislason,262,Erminia Taylorson
Madame Tutli-Putli,31.99,Kling LLC,404,Marie-jeanne Caunce
Mum & Dad,107.6,D'Amore and Sons,287,Amby Finnie
Dante's Inferno: An Animated Epic,159.68,Balistreri Group,354,Baily Exon
"Man Apart, A",14.63,Jerde LLC,430,Merwyn De Filippi
I Like It Like That,297.74,"Witting, Considine and Pouros",197,Nanny Tidmarsh
Innocent Lies,3.98,Bernier Group,130,Rutger Gladdifh
Soldier,78.32,Terry-Nitzsche,477,Daisey Beney
Made for Each Other,10.21,Schinner Inc,15,Brandy Willans
Burning Bright,52.46,Nader-Lubowitz,445,Nilson Steen
"Parade, The (Parada)",91.43,McGlynn-O'Hara,87,Odie Coath
Betsy's Wedding,34.5,Stark and Sons,378,Carlin Bamber
Five Star Final,210.71,"Bode, Little and Hyatt",445,Goddart Sloy
Suzanne's Career (La carrière de Suzanne),107.73,"Spencer, Wilderman and Rodriguez",388,Goraud Marvell
Mitä meistä tuli,201.65,Gulgowski Inc,259,Rebekkah Endrighi
Jimi Hendrix,264.81,Labadie Group,72,Lauren Armitage
Horse Feathers,94.94,Kuhic and Sons,87,Gladys Atack
"Plastic Age, The",141.12,Hyatt LLC,1,Raeann Herrero
Carnegie Hall,142.02,"McClure, Dickinson and Robel",205,Cort Franzini
"Search for One-eye Jimmy, The",58.14,Gleason LLC,344,Franny Blatherwick
Christmas in Conway,108.29,Nitzsche LLC,267,Dan Uvedale
"Doulos, Le",245.17,"Klein, Marks and Olson",454,Hamilton Titta
On the Ropes,72.47,"Jerde, Hand and Hyatt",249,Hilary Norquay
Ella Enchanted,35.4,Strosin-Klein,257,Ad Alexander
Tron: Legacy,131.16,"Bauch, VonRueden and Zieme",37,Salomi Decreuze
Bad Biology,235.98,Rice and Sons,146,Othella Gethyn
Post Tenebras Lux,38.69,"Lakin, Jast and Koch",373,Dionne Diboll
Before Your Eyes (Min Dit: The Children of Diyarbakir),133.46,Jacobson and Sons,128,Pyotr Weblin
"Spy Next Door, The",163.57,"Bode, Conroy and Welch",42,Kipper Gerge
"Sum of Us, The",227.47,Feeney Inc,82,Bartholomeus Bees
"Delicate Balance, A",27.87,"Marvin, Moen and Aufderhar",374,Winnie Farndon
Ranma ½: Nihao My Concubine (Ranma ½: Kessen Tôgenkyô! Hanayome o torimodose!!),289.53,Nolan-Graham,274,Miles Lemonby
9 Star Hotel (Malon 9 Kochavim),89.75,Nikolaus-Gerhold,171,Andras Inger
Blood Night: The Legend of Mary Hatchet (Blood Night),267.62,Hagenes Inc,421,Cristiano Fenna
Samsara,178.83,Tillman-Sauer,200,Bobette Kelcey
Take Me Out to the Ball Game,268.7,Welch Inc,131,Felipe Diperaus
Volunteers,15.1,Turner Group,135,Early Bonnaire
"Dust of Time, The",16.07,"Boyer, Kemmer and Mayert",170,Jodi Boothe
I'm So Excited (Los amantes pasajeros),163.72,D'Amore-Crooks,59,Cati Josephoff
Wake of Death,196.8,"Predovic, Simonis and West",38,Raychel Szantho
Cabin Boy,227.77,"Dickinson, Reilly and Jerde",410,Heidie McCurtin
Home Fries,205.25,Nitzsche and Sons,486,Tootsie Fort
Wrong Cops,100.5,Reynolds LLC,298,Cory Maunsell
Switch,229.61,Bahringer Group,417,Aloysia Connealy
Brass Target,107.59,"Towne, Lynch and Rice",414,Chrisy Sheridan
Dear Jesse,203.88,"Waelchi, Klocko and Denesik",345,Della Laurencot
Musikanten,168.84,Gulgowski-Spencer,204,Winifred Sedgemore
Let the Fire Burn,49.66,Kautzer Inc,197,Gae Mendoza
Racing Stripes,90.0,Cummerata LLC,472,Isidore Licciardello
"Lady of Chance, A",43.6,"Beer, Metz and Langosh",69,Clarice Heller
Titicut Follies,82.34,Davis-Weissnat,451,Inessa Stannis
My Way to Olympia (Mein Weg nach Olympia),224.65,Wyman and Sons,376,Jammal Leitch
42 Up,79.59,"Simonis, Dickens and Jones",212,Cherilyn Banks
"Assignment, The",282.32,Schinner-Fahey,118,Marylinda Tenny
Raid on Rommel,195.99,Murphy and Sons,178,Melantha Overall
"Soldier, The",289.18,Turcotte-Hartmann,145,Ky Logsdail
Vampire Apocalypse,56.61,"Cole, McCullough and Conn",346,Giulio Kauscher
Eddie and the Cruisers,67.7,Hessel-Vandervort,53,Siward Wisdish
Civil Brand,187.7,Denesik-Braun,121,Gonzales Caig
Redline,16.92,Heathcote and Sons,402,Spence Barfitt
"Legend of Boggy Creek, The",195.49,Terry-Grady,407,Cristal Aleixo
"Adjuster, The",140.7,VonRueden-West,435,Bengt Cowup
Kissed,48.23,"Lowe, Raynor and Abernathy",420,Geri Fortnum
Don Jon,194.45,Hamill-Kihn,356,Minetta Gatheral
Greenfingers,234.41,"Hickle, Purdy and Lind",348,Boris Dunkerley
"Definitely, Maybe",147.68,"Ankunding, Maggio and O'Kon",442,Edgard Sellick
"Devil's Eye, The (Djävulens öga)",151.38,Champlin Inc,175,Carma Snalom
"Thing with Two Heads, The",92.01,Frami-Lakin,426,Joby Dreigher
"Karate Kid, Part II, The",69.11,Boehm and Sons,22,Xaviera Staten
C(r)ook (Basta - Rotwein Oder Totsein),31.97,Leffler-Watsica,208,Gus Candie
Patton Oswalt: My Weakness Is Strong,139.23,Stracke Group,56,Adda Surgey
"Russian Specialist, The (Mechanik, The)",251.3,"Pacocha, Waters and McGlynn",436,Prudi Schoolfield
"Keeper, The",178.25,"Lueilwitz, Kiehn and Reichert",299,Murielle Jumel
Postman Blues,165.95,Sanford-Abshire,345,Timothee Wattingham
End of the World,79.48,Frami Group,307,Calli Guswell
Los Marziano,8.67,Bartoletti-Jast,198,Kaila Dionsetto
Scarecrows,253.12,Stracke-Boehm,247,Domingo Foucard
My Afternoons with Margueritte (La tête en friche),175.09,Bauch-Treutel,354,Gael Pinner
Eddie and the Cruisers,288.38,Pollich-Glover,13,Tomaso Gilbee
Soundtracker,294.81,Ritchie Inc,88,Isac Baumadier
Just the Ticket,160.36,"Murray, Jacobs and O'Connell",16,Ignaz Cunde
Trapped in the Closet: Chapters 1-12,161.2,Predovic-Wolff,268,Ancell Blasoni
3096 Days,120.13,"Grimes, Macejkovic and Dare",496,Kendall Pike
Tali-Ihantala 1944,294.06,"Fisher, Farrell and Hammes",54,Gisella Newick
Slow Burn,143.71,Kuhic-Kozey,356,Cheryl Boyton
Nightwatching,90.8,Reichert-Lueilwitz,335,Katherina Seden
"Bad and the Beautiful, The",249.96,"Fadel, Cormier and Carter",124,Nadya Tortoishell
A Night at the Movies: The Suspenseful World of Thrillers,26.18,"Halvorson, Runolfsson and Homenick",285,Kingsley Nardoni
"Last Legion, The",111.3,Runte Inc,470,Elbertine Bare
Salaam Cinema,243.35,Stracke Group,17,Buffy Weightman
Alabama Moon,18.26,"Wolff, Miller and O'Conner",174,Waverly Gitthouse
My Man and I,9.86,Krajcik Inc,351,Nathanial Cole
Interstellar,40.07,Gusikowski-Ryan,315,Libby Matignon
Police Academy: Mission to Moscow,282.6,Funk-Mills,493,Rodi Oakly
"Isle, The (Seom)",42.72,Kunde-Fay,230,Denney Boyle
"Big Sky, The",262.39,Shields-Beier,86,Roxanne Mattschas
Ditirambo,170.0,Kub-Rice,414,Zorah Sherburn
In the Park,95.37,"Kessler, Bashirian and Hills",130,Brett Dunan
Hell Is for Heroes,165.82,Schimmel and Sons,252,Tyson Mayling
Horsemen,296.48,"Bogisich, Treutel and Mitchell",173,Cazzie Gillet
Kanak Attack,245.96,Goldner-Spencer,221,Randie McGettigan
Don't Torture a Duckling (Non si sevizia un paperino),98.54,Will-McGlynn,240,Gina O'Hearn
Laurel Canyon,54.42,"Conn, D'Amore and Veum",2,Paolo Mallabone
War of the Wildcats (In Old Oklahoma),250.17,Connelly and Sons,116,Boone Steabler
"Secret of NIMH 2: Timmy to the Rescue, The",223.65,"Rogahn, Leuschke and Padberg",441,Leupold Dight
Gappa: The Triphibian Monsters (AKA Monster from a Prehistoric Planet) (Daikyojû Gappa),175.82,"Streich, Waelchi and Fadel",272,Lelah Hovee
The Baker's Wife,108.66,"Braun, Schmitt and Tromp",377,Launce Bentham3
Queens Logic,111.56,Streich-Skiles,1,Miriam Fyfe
"Secret Glory, The",270.74,"Cormier, Koss and Nolan",93,Barton Chippindall
To Die Like a Man (Morrer Como Um Homem),267.41,"Becker, Murray and Prosacco",390,Henrietta Vequaud
Comanche Territory (Territorio comanche),143.27,"Skiles, Breitenberg and Bednar",164,Rici Astall
Remember Sunday,61.12,"Walter, Hansen and Bednar",61,Richie Rupprecht
Carbon Nation,93.94,Wilderman and Sons,131,Marylin Gambles
Meu Passado Me Condena: O Filme,84.67,Hauck Group,357,Albertine Monger
After the Reconciliation (Après la réconciliation),51.59,Willms Group,413,Netta Gritsunov
Sink or Swim,159.58,"Wunsch, Larson and Feil",471,Ansley Teffrey
56 Up,37.76,Stracke Group,41,Channa Foulser
Stuart Saves His Family,296.61,"Hills, Stoltenberg and Batz",345,Casey Rocco
"To Do List, The",212.83,Mraz-Smitham,382,Zoe Buckthorp
Oki's Movie (Ok-hui-ui yeonghwa),230.87,Labadie-Grimes,71,Leicester Cornewell
Road Kill (a.k.a. Road Train),3.19,"Keebler, Stroman and Swaniawski",188,Quinton Baroche
Mr. Peabody & Sherman,114.42,Davis-Ortiz,352,Kala Allsepp
"Dirty Shame, A",155.31,Keeling Inc,182,Teodoro Cadigan
Bitter Sweetheart,10.33,Parisian and Sons,449,Gael Dorward
Seven Girlfriends,130.47,"Hagenes, VonRueden and Nikolaus",222,Audrey Woltman
Hot Millions,295.16,"Grimes, Gerlach and Macejkovic",148,Pooh Crandon
Mambo Italiano,106.83,"Daniel, Zieme and Hand",154,Izabel Matchitt
"Misérables, Les",291.15,Stehr-Spencer,22,Ardyth Adamoli
"Nanny Diaries, The",180.96,"Pacocha, Gutmann and Block",220,Erv Goldsberry
"Broadway Melody, The",285.7,Crooks and Sons,13,Harper Canet
Napoleon,280.5,"Lockman, Koepp and Bruen",29,Nataline Toombs
Ringu 0: Bâsudei,32.24,Steuber-Gerhold,148,Dita Cordingly
Gospa,293.68,"Kessler, Kozey and Dickinson",471,Jaymee Coatman
Manufacturing Dissent,142.24,Steuber and Sons,6,Tiffani Vandrill
"American Tail, An",181.61,Wuckert Inc,305,Valentia Pudge
Gagarin: First in Space,37.61,Ruecker Inc,198,Douglass Asling
Wavelength,75.08,"Lemke, Cronin and Cormier",290,Jeniece Budge
Bathing Beauty,149.61,"Kutch, Conn and Reichel",321,Jasper Lanchberry
Just Write,256.08,"Mann, Cassin and Kuvalis",457,Ari Melhuish
American Kickboxer 2 (American Kickboxer 2: To the Death),279.62,"McClure, Beatty and Sawayn",250,Geri Woller
Everest,102.48,Lemke and Sons,473,Hailee Stuehmeier
Loving Annabelle,207.94,Schiller and Sons,320,Sharla Slesser
Hideaway,69.41,"Auer, Grady and Walker",183,Eadmund Domenc
Author! Author!,155.28,"Nienow, McKenzie and Olson",203,Merrill Duthie
Romance & Cigarettes,233.61,Thiel Inc,302,Lilas Ottewill
"November Man, The",36.33,Bosco Inc,299,Normy Leel
Shall We Dance,100.23,Boyle Group,58,Anders Primmer
Kiler,194.8,Walsh-Jacobs,303,Kristien Gerant
"Phantom of the Opera, The",138.94,"Considine, Wisoky and Collier",471,Shepard Doone
Viva Max!,130.5,Hyatt-Bins,332,Farleigh Joye
Endless Love,178.61,"Koss, Spinka and Kuhic",424,Meyer Chasteney
"Rare Breed, The",159.55,Nicolas-Moore,456,Megan MacAdam
"Blue Light, The (Blaue Licht, Das)",199.49,"Schowalter, O'Conner and Parisian",217,Kristina Iltchev
Mommie Dearest,35.79,"Bogisich, Fritsch and Bahringer",4,Waldo Chiechio
This Woman Is Dangerous,134.56,"Marquardt, McClure and Koepp",389,Dorine Beesey
Chinese Take-Out (Chinese Take-Away) (Un cuento chino),263.2,Wisozk Inc,458,Abagail Vernalls
Those Awful Hats,105.56,Rau Inc,394,Liane Delucia
"Rudolph, the Red-Nosed Reindeer",135.15,"Tromp, Kertzmann and Block",231,Ketti Close
Sparrows,33.27,Kreiger LLC,208,Tripp Cosham
Baarìa,28.85,Keeling-Ullrich,453,Jerrie Whitebread
The Police Serve the Citizens?,139.39,"Thiel, Connelly and Bednar",237,Lilia Nethercott
In the Line of Duty: The F.B.I. Murders,122.2,Conn-Schmeler,112,Cynthie Aldwinckle
G@me,79.71,Terry-Sauer,2,Sibylla Laffan
Fall Time,33.42,Mitchell LLC,384,Bailie Lush
Freud: The Secret Passion,141.36,Zboncak Inc,361,Dominique Lomasna
Nick of Time,11.01,"Schultz, Walsh and Powlowski",129,Calley Turbat
Meet Dave,199.35,Bernier LLC,39,Phillipe Pitkeathley
Stille nacht,37.35,Kuvalis-Feest,366,Merle Doge
Snakehead Terror,69.05,"Johns, Roob and Olson",272,Pincas Beckham
Trance,97.98,"Kreiger, Smitham and Schneider",410,Dex Aasaf
"Girl from Monaco, The (fille de Monaco, La)",121.21,"Moen, Becker and Kunze",100,Hattie Stallion
"Breaking Point, The",290.87,"Rohan, Jenkins and Erdman",277,Bunni Townes
"Town Called Hell, A",130.74,Ledner-Bartell,179,Liliane Windley
Forgotten Silver,274.28,DuBuque Inc,333,Andriette Raccio
Moebius Redux: A Life in Pictures,69.09,Adams-Mertz,105,Kip Going
Saw V,248.45,McLaughlin LLC,476,Heidi Butts
Diary of a Shinjuku Thief (Shinjuku dorobo nikki),224.18,Boyer LLC,147,Zebulon Greenman
Enough,263.11,Hoeger and Sons,346,Maximilian Henke
"Two Faces of January, The",9.88,"Schamberger, Hirthe and Nader",192,Erv Sobczak
Azumi,196.15,Altenwerth-Ullrich,42,Tyson Harmes
"Misérables, Les",231.74,Marquardt LLC,70,Roosevelt Gurr
"Perfect Plan, A (Plan parfait, Un)",16.08,Kunze and Sons,6,Richard McGarrie
Diamonds Are Forever,148.72,Pfannerstill and Sons,173,Zonda Rosle
Confessions of a Gangsta,251.01,Wisoky-Weissnat,74,Balduin Bertolin
"Like Sunday, Like Rain",161.64,Senger Inc,442,Helaine Bonnesen
The Prophecy: Forsaken,214.27,Carter-Balistreri,323,Bondon Rivel
Company of Heroes,195.9,Breitenberg-Brekke,441,Riley Cohalan
Judgment at Nuremberg,139.2,Volkman-Fahey,401,Beulah Goldson
Mystery (Fu cheng mi shi),253.42,Gibson-Stoltenberg,201,Mirelle Ducker
Female,235.08,"Gottlieb, Kris and Ortiz",375,Ware Menham
Ride,74.46,Stiedemann-Feeney,53,Ivett Prinn
"Wednesday!, A",271.09,Littel Inc,327,Zondra Thurston
State of Play,79.36,Schmidt LLC,185,Cookie Hacket
Donnie Darko,151.83,"Kessler, West and Hermann",450,Son Gouda
Ishq,75.36,"Hegmann, Huels and Cummings",73,Ketti Such
"Revisionaries, The",273.87,Heller-Nicolas,63,Clara Aronovitz
Dead Silence,215.44,Blanda LLC,26,Bryon Alywin
Lifeforce,87.09,Collier-Mraz,159,Marty Slimmon
Twister,236.03,Reichert Group,9,Malanie Goodbody
Judex,117.38,Heller and Sons,437,Krishnah Salvati
Bones Brigade: An Autobiography,217.82,"Ward, Moen and Ledner",282,Vanny Brownlee
Red White & Blue,267.3,Halvorson LLC,25,Thane Lytell
"Fortune Cookie, The",292.55,"Stoltenberg, Miller and Lakin",472,Dannel Casarili
Bullets Over Broadway,299.08,Kunde Inc,81,Cheri Cloney
Duplicity,220.94,"Steuber, Hegmann and Reichert",275,Rose Galgey
"House, The (A Casa)",151.56,"Mayer, Torp and Hettinger",204,Genovera Hutchason
Father of Invention,242.26,Reichert and Sons,310,Sara-ann Bleesing
Over My Dead Body,153.9,"Hartmann, Stracke and Cummerata",271,Hilton Leeman
It Happened to Jane,251.79,DuBuque Inc,120,Salomon Vause
Charms for the Easy Life,181.15,"Strosin, Turner and Murphy",394,Chaunce Ellershaw
"Bounty, The",174.7,O'Hara Group,73,Barry Shire
Mark of the Vampire,143.03,Franecki-Monahan,31,Mason Vankin
Man of Marble (Czlowiek z Marmuru),163.58,Frami-Kohler,75,Nowell Kleinerman
Little Women,88.98,Botsford-Farrell,296,Esmeralda Esom
The African,283.36,"Bergnaum, Will and Rutherford",389,Vasilis McCaughren
A Follower for Emily,21.11,"Watsica, Stokes and Jacobson",431,Chris Mourton
Suzy,163.76,Huel Inc,186,Gaby Newson
Straight to Hell,169.05,Hilpert and Sons,326,Yoshi Laboune
"Last Kiss, The (Ultimo bacio, L')",140.08,Quitzon Group,260,Wolfgang Cotter
"The Hire: Follow, The",99.98,Parisian Inc,311,Vincenty Flowitt
Miehen tie,84.93,Lubowitz-Rolfson,426,Paulo Crigin
"Sword in the Stone, The",109.86,Stiedemann Group,347,Miran Pieche
"Mother and the Whore, The (Maman et la putain, La)",3.69,Terry Group,289,Bertina Mardell
Juwanna Mann,219.75,"Mertz, Gibson and Wolf",353,Rafaellle Matteini
Luther,157.28,"Conn, Doyle and Fadel",160,Corrina Beavington
Blood for Dracula (Andy Warhol's Dracula),176.41,Grant-Spinka,427,Yorker Sellner
"Rebel, The (Le Rebelle)",259.98,Wilkinson Inc,401,Terrence Lewty
"Code, The",85.55,Kulas LLC,186,Leila Cashen
Resistance,286.46,Ferry-Schoen,448,Maria Noah
Young Cassidy,51.62,"Wisozk, Zemlak and Huel",417,Jeromy Shipperbottom
"Saint, The",96.74,Hammes and Sons,224,Elihu Coveley
3 A.M.,67.94,Mann-Heller,482,Wake Bonifazio
Hit the Bank (Vabank),260.36,Marvin and Sons,452,Rosita Crose
Soulless,290.7,"Glover, Kovacek and Harvey",445,Olly Baudic
White Mountains (Belyie gory),47.71,Wolf Group,247,Rhett Eltone
Endgame,4.28,Aufderhar LLC,149,Bethanne Snedker
"Trou, Le (Hole, The) (Night Watch, The)",99.08,Blanda-Vandervort,305,Krystle Fierman
Moon Over Parador,104.36,Stehr Group,263,Ario Foard
"Ultramarathon Man: 50 Marathons, 50 States, 50 Days",25.05,Kirlin Inc,290,Alameda Radband
Upstream Color,225.62,Treutel-Schaefer,114,Wilbert Gallgher
Focus,293.87,Smith-Schuppe,139,Tandie Tellenbroker
Vive L'Amour (Ai qing wan sui),190.73,"Leuschke, Schaden and Reynolds",9,Alister Foxen
Black Roses ,149.2,"Wehner, Bartell and Tremblay",398,Lyle Eleshenar
"First Nudie Musical, The",215.2,Daniel-Berge,214,Daryl Becraft
Four Lions,229.99,"Witting, Schimmel and Hoeger",408,Cart Melross
Craig's Wife,152.92,Gleason-Bogisich,477,Julieta Nodin
Junior Prom,170.15,Jaskolski Group,89,Rhea Bracci
Piled Higher and Deeper,73.68,Yundt-Bosco,465,Sarette Gask
No Man of Her Own,142.6,Heathcote-Bergnaum,428,Rudie Chastan
"Christmas Carol, A",122.12,Wunsch-Renner,322,Melva MacKean
"Terror's Advocate (Avocat de la terreur, L')",271.87,Gottlieb and Sons,170,Estele Risom
"Masquerade (Gwanghai, Wangyidoen namja)",187.36,Marks-Raynor,366,Lawrence Shenton
"Human Factor, The",207.54,Stracke LLC,426,Nelly Rousell
Epitaph,140.49,"Lueilwitz, Erdman and Wilkinson",149,Maximilien Flaonier
Matinée,277.74,Runolfsson LLC,139,Lonnard Tinn
"Cat and the Canary, The",32.05,Bernhard-Bashirian,28,Bertie Ogger
Little Miss Marker,167.72,Rempel-Ryan,270,Allyn Cullon
Taboo (Gohatto),50.59,"Runolfsson, Boyer and Veum",115,Marlowe Lamond
"Color of Friendship, The",4.16,Blick LLC,270,Drew Fish
Sexy Baby,265.97,O'Conner-Mante,440,Panchito Hanburry
Crippled Masters (Tian can di que),73.27,"Lehner, Hamill and Anderson",422,Annissa Schleicher
Ingmar Bergman Makes a Movie (Ingmar Bergman gör en film),292.49,"Lind, Mann and Zulauf",150,Kippie Jeynes
Lost Highway,231.83,Wilderman-Grant,184,Kimball Mariyushkin
Choke,278.17,Olson-Rowe,305,Abbott Fiske
Disaster Movie,153.53,Lowe-Treutel,408,Catina de Clerk
Counsellor at Law,179.55,Miller Group,111,Una Houlson
Sea Wife,67.0,Russel and Sons,199,Gardener Stowe
"Honey Pot, The",295.86,"Bauch, Parker and Ruecker",210,Amandy Manntschke
Unfaithful,215.91,Jakubowski-Okuneva,148,Melvyn McCaw
Klown: The Movie (Klovn),289.86,"Huels, Hilpert and Gislason",354,Willis Westney
"Verlorene, Der (Lost One, The)",201.65,Roberts Group,374,Laina Ackred
Crush,167.16,Wolf-West,80,Alethea Uphill
Trilogy of Terror II,95.49,Kirlin LLC,71,Stephan Sexcey
Journey to the Center of the Earth,272.94,Kessler-Gleason,280,Pearla Davidovicz
Pavement: Slow Century,171.85,"O'Keefe, Conroy and Kreiger",234,Michel Ramsay
"Patriot, The",110.06,Schamberger-Wiegand,118,Alicea Ausello
Santa Claus,187.5,"Zboncak, Anderson and Bergnaum",180,Irving Burles
Ice Men,76.49,Stracke-Walter,45,Valdemar Bottby
Grumpy Cat's Worst Christmas Ever,274.35,Schaden-Green,232,Josi Jentzsch
Goodbye World,127.82,Ernser Inc,257,Hodge Wandrey
"Lamp in the Dark; The Untold History of the Bible, A",3.42,"Jast, Boyle and Runolfsson",100,Bastian Denty
"Misérables, Les",178.4,Collins-Romaguera,114,Rabbi Tigwell
Copenhagen,103.4,Paucek and Sons,38,Meyer Attac
Surviving Picasso,21.21,"Glover, Armstrong and Breitenberg",113,Alexina Rudloff
Desire: The Vampire,98.76,"Towne, Kautzer and Welch",481,Herb Schulter
Stars and Stripes Forever,86.31,"Howe, Erdman and Purdy",141,Imogene O'Fallowne
Electric Shadows (Meng ying tong nian),229.23,Abbott LLC,17,Chickie Eales
"Red Violin, The (Violon rouge, Le)",210.23,"Skiles, Murazik and Greenholt",456,Vanya Petkens
"Flame and the Arrow, The",98.24,"Howe, Bashirian and Koss",377,Gordan O'Luby
"Bounty, The",64.3,Lowe Group,257,Arluene Dorking
Flesh and Blood,202.15,Auer-O'Kon,240,Any McAvey
G.I. Jane,136.88,Kilback-Heidenreich,125,Constantine Harlock
Bonnie and Clyde,10.42,"Daniel, Bahringer and Weber",367,Giuditta Pickburn
Hungry Hill,266.45,"Moore, Buckridge and Gottlieb",246,Sharlene Puddan
"Ax, The (couperet, Le)",246.96,Weimann Group,135,Woodrow Winship
"Rocket from Calabuch, The (Calabuch)",218.59,Goldner and Sons,88,Leela Akaster
Victory,206.17,"Gleichner, Lemke and Ziemann",411,Mathilde Greser
See This Movie,159.11,White-Hermiston,87,Patty Duchan
Happy Accidents,40.6,Ebert-Fritsch,162,Benedikta Gent
Civic Duty,73.49,Muller-Carroll,121,Karly Carmont
Fighting Elegy (Kenka erejii),18.03,Koss Inc,394,Kermie Cadden
Out of Bounds,228.88,Schoen Inc,375,Toby Brosetti
Caribe,167.13,"Heaney, Bergnaum and Rutherford",429,Winny Almeida
"Night Visitor, The",103.1,"Larkin, Stamm and Sawayn",452,Devy Djekic
Project X,136.16,"Morar, Turcotte and Russel",200,Arliene Burgwin
"Secret of Roan Inish, The",277.77,"Von, Olson and Muller",196,Brady Simoens
See You Next Tuesday,257.67,Cormier-Bashirian,3,Lynn Cerman
Miss Austen Regrets,168.31,Dooley Group,393,Georgiana Covely
Zookeeper,285.86,Mosciski Group,192,Zachariah Maginot
Open Season,102.59,Armstrong LLC,308,Ivory Ximenez
Ninjas vs. Zombies,84.03,"Klein, Schulist and Beer",492,Dino Ovenden
European Vacation (aka National Lampoon's European Vacation),15.64,"Goldner, Steuber and Halvorson",310,Gretchen Alywen
"Prince and the Pauper, The",168.88,"McCullough, Johnston and Hauck",347,Ellary Hirsthouse
"Beautiful Person, The (La belle personne)",273.34,"Heaney, Cruickshank and Pfeffer",243,Mickie MacCallion
"Good Morning, Vietnam",290.72,Konopelski-Schamberger,484,Marwin Roseaman
"Ivan the Terrible, Part One (Ivan Groznyy I)",124.9,Cole-Pfeffer,376,Davon Molan
Rulers of the City,57.04,Brakus and Sons,384,Ainsley Riden
Spaceballs,192.09,Yost-Stehr,350,Debbi Philipeau
Torch Song,156.83,"Quitzon, Schimmel and Cole",192,Mariel Fierro
"Good Thief, The",8.85,Hudson Inc,97,Anthea Immins
Crime Spree,154.0,Kuhic-VonRueden,473,Barbabas Farebrother
Justice League: Throne of Atlantis,129.82,"Conroy, Bashirian and Schmitt",201,Opaline Ewbach
Double Suicide (Shinjû: Ten no amijima),262.05,Hayes and Sons,27,Leona Windus
Family Law (Derecho de familia),215.81,"Runte, Leannon and Herman",300,Wells Fosberry
"Eleventh Year, The (Odinnadtsatyy) ",33.12,Cassin-Kirlin,236,Joyan Pinnijar
Beyond Tomorrow (Beyond Christmas),11.06,Hamill-Ratke,173,Linn Pentony
Heading South (Vers le sud),179.77,"Ledner, Parker and Rolfson",262,Maggy Gascar
"Good Doctor, The",200.46,"O'Kon, Auer and Rice",455,Bevin Deeprose
And Now... Ladies and Gentlemen...,155.27,Wilderman-Daniel,133,Sandor Luckwell
Evil Dead,299.9,Franecki-Goyette,265,Riannon Weldrick
Anima Mundi,219.79,Konopelski-Hilpert,31,Shel Bloggett
"Spiders Part 1: The Golden Lake, The (Die Spinnen, 1. Teil: Der Goldene See)",274.6,Hand-Dach,338,Cybil Middiff
Impy's Island,104.32,"Parisian, Abernathy and Pouros",237,Elisha Kersey
Salvador,31.82,"Stark, Schinner and Marks",417,Craig Pleaden
Lonely Are the Brave,27.28,Gibson Inc,333,Carlyle Biggerstaff
"Red Violin, The (Violon rouge, Le)",54.67,Jerde Inc,439,Fredek Meedendorpe
Young at Heart,266.09,Donnelly-Jacobs,103,Madelle Ponting
Blackwoods,33.36,Waters and Sons,441,Lilyan Isaksen
Three Lives and Only One Death (Trois vies & une seule mort),153.28,Huel-Funk,209,Therine Shelp
"Round-Up, The (Szegénylegények)",207.84,"Nolan, VonRueden and Miller",284,Em Deinert
W.,292.11,Huel Group,471,Rudolph Wickins
Ninotchka,141.86,Ullrich-Jast,339,Deane Rops
Patema Inverted,296.93,Mayer-Powlowski,497,Yettie Stiegar
Balto,57.12,"Lowe, Legros and Crona",242,Rurik Grigoryev
Summer School,196.54,"Konopelski, Rempel and Towne",452,Mickey Gouldthorp
Love Serenade,146.03,"White, Ratke and Ernser",92,Renate Ducham
Murder on Flight 502,93.12,"Lakin, McClure and Bahringer",282,Sol Glavis
"Scenesters, The",114.97,DuBuque-Ziemann,263,Gunner Sawfoot
"Motel Life, The",199.63,"Senger, Koelpin and Rippin",36,Desiree Pawlik
"Importance of Being Earnest, The",258.22,Donnelly-Howe,294,Una Aleksich
Machete Kills (Machete 2),238.44,Gorczany-Nikolaus,293,Padget Lesslie
Slipstream,18.54,"Kertzmann, Metz and McGlynn",411,Emery Carson
"Apostle, The",283.83,Dibbert Inc,50,Letizia Bellefonte
Santo vs. las lobas,56.4,Erdman-Reichel,57,Alisander Reddy
RFK Must Die: The Assassination of Bobby Kennedy,129.91,Hirthe-Hodkiewicz,296,Patti Skyppe
Franz Kafka's a Country Doctor,247.57,Jaskolski-Medhurst,57,Celka Ebbotts
Circle of Iron,95.27,"Predovic, Cassin and Rosenbaum",339,Rubi Gapper
How to Eat Your Watermelon in White Company (and Enjoy It),67.84,"Denesik, Konopelski and Hane",14,Erwin Mollnar
Penny Serenade,165.53,Swift-Mayert,227,Siward Midson
"Night of the Shooting Stars (Notte di San Lorenzo, La)",174.43,Wisoky LLC,413,Tabitha Quinn
Heartlands,236.84,"Schmitt, Hodkiewicz and Thiel",45,Fidelio Getsham
Helvetica,221.1,Smitham-Pouros,91,Sumner McKinley
"Legacy, The",31.54,"Aufderhar, DuBuque and Cummings",449,Rudolfo Picopp
"Housemaid, The (Hanyo)",57.9,Hessel-Marks,188,Ginger Soppett
"Unbearable Lightness of Being, The",128.4,Ledner Group,394,Genevra Gotcliff
Ghosts of Mississippi,278.91,"Stracke, Tillman and Durgan",494,Hedwig Marchand
Beyoncé: Life Is But a Dream,175.53,Heidenreich-Hane,185,Kalinda Rowan
Legal Deceit,195.57,Fisher Inc,396,Baxy Maroney
Butterflies Have No Memories,37.82,Kuvalis Inc,465,Pammie Cridland
Deadly Blessing,46.45,"Moore, Tillman and Mayert",254,Teriann Voelker
Accomplices (Complices),140.75,Schulist Group,378,Myra Crunkhorn
Master of the Universe,265.64,Dach Inc,74,Randa Angelo
Basic Instinct,281.83,"O'Reilly, Runolfsdottir and Kuhic",347,Inessa Golborne
Luster,209.56,Schmitt LLC,385,Neall Reeder
"Split, The",66.83,Skiles Inc,19,Thalia Jull
Abbott and Costello Meet the Keystone Kops,249.86,Gorczany-Smith,361,Judah Aysik
3 Women (Three Women),187.29,Wunsch Group,361,Gretal Ranyelld
Natural Selection,71.55,"Rolfson, Parisian and McClure",41,Bernadette Spiers
Ninja,68.98,Daugherty and Sons,421,Cori McKeown
Hothead (Coup de tête),41.7,Miller LLC,376,Stanton Prewer
Umberto D.,28.75,"Bradtke, Tromp and Prosacco",448,Crichton Firbank
Dad,60.94,Lehner and Sons,388,Emelia Burgett
Decoy,176.06,Swift Inc,306,Steffane Braznell
Dangerous,49.08,Klocko-Hirthe,399,Marilin Dodgshun
Culloden (The Battle of Culloden),104.71,"Bernier, Hoppe and Murazik",195,Ina Guirardin
To Rome with Love,296.75,Kuhn-Littel,446,Lynsey Riolfi
Homevideo,42.42,Oberbrunner-Jacobson,374,Tierney Poundsford
Medicine Man,228.91,Kling Inc,5,Kameko Laughlan
Varan the Unbelievable,75.42,"Fadel, Osinski and Mayert",85,Kenn Standon
"Wild One, The",190.75,Kerluke-Hoeger,92,Clem Perott
Steel Magnolias,45.84,Hammes Group,381,Barby Farnish
"Christmas Carol, A",29.14,"Mueller, Moen and Kautzer",152,Tersina Royston
Verboten!,129.3,Armstrong-Turcotte,343,Riane Ludewig
Heaven,10.64,Champlin LLC,255,Mort Vannacci
Pearl Jam: Immagine in Cornice - Live in Italy 2006,237.15,"Schowalter, Gottlieb and Auer",2,Chevalier Crowth
Kites,120.51,"Funk, Stehr and Haley",261,Scottie Tungay
"Pirates of Penzance, The",28.37,"Hoppe, Lesch and Mills",194,Ethelred Edser
Legally Blondes,164.93,Emard-Corwin,308,Bruno Vondrys
Rhapsody in Blue,62.25,"Wiza, Klocko and McKenzie",281,Jareb Persse
"Letter to Momo, A (Momo e no tegami)",240.49,"Green, Kessler and Shields",276,Onofredo Tyre
Flower in Hell (Jiokhwa),146.09,Olson-Hickle,488,Rosabelle Adamowitz
Breakin' All the Rules,134.02,"Ondricka, Dietrich and Pagac",463,Peggie Ridgers
"Presentation, or Charlotte and Her Steak (Présentation ou Charlotte et son steak)",121.43,"Williamson, Ledner and Schmeler",254,Christiana Mateo
Cutie and the Boxer,152.54,McLaughlin Group,423,Ulberto Iacobucci
"Sound and the Fury, The",120.39,Frami and Sons,300,Iona Godbald
The Golden Voyage of Sinbad,222.82,Turcotte Inc,158,Marsiella McDoual
Shadow Company,38.64,"Harber, Nader and Sporer",59,Conney Stormonth
Lan Yu,90.74,"Ledner, Kuhic and Ernser",89,Eveleen Southway
Sword of Desperation (Hisshiken torisashi),244.05,Hilpert LLC,217,Urban McParland
14 Hours (Fourteen Hours),29.12,Konopelski LLC,66,Farlay Casbolt
Judgment Night,3.73,Douglas Group,100,Willie Tatnell
Red Heat,230.58,"Sanford, Kessler and Langworth",392,Alisha Larcombe
China O'Brien,244.77,Okuneva-Koepp,193,Evangelina Drayton
Brother (Hermano),275.23,Hane Group,12,Ramsey Jeffryes
Galician Caress (Of Clay),287.99,Becker-Herzog,186,Leif Besset
Talk Radio,153.82,MacGyver-Will,426,Agneta Stormonth
Knuckle ,230.43,"Cassin, Lakin and Cartwright",293,Corry Lotterington
Ladder 49,18.31,Koss-Zemlak,404,Florie Tuckwood
Welcome to Woop-Woop,282.2,Orn and Sons,461,Montgomery Lumb
"3 Penny Opera, The (Threepenny Opera, The) (3 Groschen-Oper, Die)",27.78,"Rice, Casper and Johnson",313,John Hinnerk
Eddie Izzard: Dress to Kill,267.57,Halvorson LLC,244,Tommie Shearman
Body of Lies,124.53,"Wiza, Connelly and Brown",299,Demetri Logg
Stromberg - Der Film,43.05,Waters-McDermott,200,Jammal Squirrel
Chennai Express,231.03,Lesch-Beahan,445,Nerta Mussard
Kiss Me Kate,167.31,Jaskolski and Sons,221,Ado Valek
For Sale (À Vendre),42.03,"Anderson, Fadel and Abshire",20,Adela Hembry
Shanghai Dreams (Qing hong),214.11,Kiehn-Brown,59,Vicki Reeder
In the Mouth of Madness,33.45,"Erdman, Wilkinson and Hirthe",11,Beatrix Glanton
"Princess and the Frog, The",280.08,Mayer Inc,297,Ethan Cypler
Scent of a Woman (Profumo di donna),206.95,Schuster-Gleason,444,Alanah Ferreiro
Visions of Light: The Art of Cinematography,254.01,"Ortiz, Brakus and Kerluke",414,Kin Halpen
Babysitting,51.96,"Fay, Fisher and Rutherford",444,Farrel Carlozzi
Recount,91.41,Ankunding-Metz,378,Shantee Boissieux
Buddy Buddy,53.87,"Stracke, Marvin and Macejkovic",347,Karin Lavigne
Catch Me If You Can,18.54,Hamill Inc,237,Marsiella Mularkey
Smoke Signals,234.89,Barton-Hintz,133,Remus Rothwell
Butterfield 8,166.61,Mills-Rath,191,Murielle Frame
Evil Dead II (Dead by Dawn),128.16,Funk-Jacobs,318,Alphonso Richards
Bunnyman,243.27,Sawayn Group,281,Annamarie Goudard
"Cube of Sugar, A (Ye Habe Ghand)",178.86,Keebler Inc,439,Nert Nassie
"Shot in the Dark, A",153.2,Langworth-Daniel,424,Stefano Furley
Sex and the Single Girl,160.28,Von-Carroll,30,Wilfrid Treharne
Jealousy,55.67,"Hansen, Rippin and McDermott",201,Natal McNeilley
"King of Fighters, The",230.71,Robel-Hermiston,231,Ramsey Rene
H6: Diario de un asesino,239.65,Stiedemann and Sons,35,Erny Piddick
"Near East, The (El Proximo Oriente)",209.44,"Hane, Kutch and Doyle",397,Bevvy Pietasch
Smooth Talk,275.21,"Schowalter, Padberg and Bogan",234,Tami Kalinsky
"Bat People, The",243.17,"Greenfelder, Dooley and Homenick",132,Cordie Bissatt
Milky Way (Tejút),194.64,Sanford-Schumm,130,Randa Beathem
Red's Dream,12.37,Blick and Sons,76,Lucila Tatem
Clouds of May (Mayis sikintisi),212.64,"Friesen, Schaefer and Morar",87,Bernadine Kanzler
"Last Time I Saw Archie, The",20.18,O'Conner-Flatley,29,Basilius Le Huquet
Abols Upe,161.84,Davis LLC,91,Spence Wales
In the Line of Duty: The F.B.I. Murders,294.22,"Cummings, Renner and Armstrong",431,Hugues Klesl
Subway,95.94,Effertz-Von,29,Sonny Cray
Funeral in Berlin,102.85,"Wolf, Bogan and Hermann",198,Cash Goudie
Earth Days,117.68,Beahan Group,48,Gaylord Sprason
Rabbit-Proof Fence,83.51,Farrell-Hessel,200,Dave Theodore
Road Trip,68.73,Wisozk LLC,201,Richmound Ridges
"Toughest Man in the World, The",199.57,"Stehr, Feil and McGlynn",301,Adorne Blampied
Pigs and Battleships (Hogs and Warships) (The Flesh Is Hot) (Buta to gunkan),188.19,"Ziemann, Schamberger and Leuschke",96,Alisa De Cruz
Nobody Owns Me (Mig äger ingen),233.04,"Kilback, Parisian and Kerluke",495,Vitoria Maylour
Trouble the Water,161.39,Terry Inc,26,Jesus Capehorn
Love & Sex,113.48,"Beahan, Yost and Lockman",348,Benedetto Aspin
Burnt by the Sun 2 (Utomlyonnye solntsem 2),230.81,Schmitt and Sons,432,Constance Denecamp
Lille Fridolf and I,102.48,"Goldner, Johns and Berge",254,Gretta Sandcraft
"Children Are Watching Us, The (Bambini ci guardano, I)",184.51,Satterfield-Wisozk,428,Corrinne Herrero
Bobcat Goldthwait: You Don't Look the Same Either,189.22,"Boyer, Dare and Marquardt",413,Nathanial Mazonowicz
Caddyshack,142.24,Effertz-Anderson,469,Gradeigh Bauckham
Vares: The Kiss of Evil (Vares - Pahan suudelma),270.26,Mayer Group,483,Otis Rosbottom
"Chronicle of Anna Magdalena Bach, The (Chronik der Anna Magdalena Bach)",233.95,Koss LLC,79,Upton Stepto
It's A Wonderful World,46.88,"Stroman, Corkery and Johnston",159,Emylee Impey
Speedway,169.48,Heathcote-Miller,221,Charlean Spyvye
I Want You,50.89,"Fahey, Watsica and Kemmer",338,Cathleen Pentecost
Catacombs,168.98,"Hermann, Fadel and Walter",163,Humberto Scotson
Short Cuts,53.24,Mayert Group,169,Koo Pulhoster
Bogus,273.42,"Crist, Rodriguez and Flatley",17,Virgie Cayette
Spiral,240.65,Lehner-Crist,53,Graehme Lomis
Bonjour tristesse,297.89,Runolfsson Inc,474,Darsie Morriarty
Block-Heads,176.89,Aufderhar-Lebsack,26,Truman Neilus
Games of Love and Chance (L'esquive),196.57,Zboncak-Armstrong,295,Clerc Varnals
Someone to Watch Over Me,168.92,Schinner and Sons,478,Elset Dayment
New Year's Eve,199.27,"D'Amore, Parker and Reichel",374,Kaitlynn Shearwood
Titanic,296.94,"Heathcote, Considine and Brown",244,Brandyn Planke
Flashpoint,249.39,"Pfeffer, Herman and Crist",206,Kenn Stott
Revenge of the Nerds III: The Next Generation,284.9,Kohler and Sons,152,Rafaellle Kopfen
Carne de gallina (Chicken Skin),262.8,"Parker, Block and Kuhic",385,Roz Shambrooke
War of the Wildcats (In Old Oklahoma),89.2,Hahn Inc,78,Judie Swayte
Frostbitten (Frostbiten),37.07,Gottlieb Inc,403,Murdoch Terrington
It Might Get Loud,285.04,Hirthe-Bosco,264,Ozzie Gleasane
Vertical Features Remake,11.98,Parker Group,432,Silvia Husselbee
Penthouse North,204.93,"McDermott, Hodkiewicz and Koch",35,Martino Slucock
First Snow,299.31,"Padberg, Ruecker and Lueilwitz",51,Elaine Casement
Sister Street Fighter (Onna hissatsu ken),35.62,Lakin-Balistreri,114,Delcina Worley
Django 2: Django Strikes Again,52.96,Wolff-O'Kon,442,Zebulen Escalera
Blade of the Ripper,64.63,Fay-Harris,472,Brannon Kunzel
"Good Student, The (Mr. Gibb)",261.13,Bode-Spinka,425,Titus Cookney
Anonymous,176.76,Beatty-Frami,282,Di Wildash
Thoroughly Modern Millie,258.09,"Kling, Feil and Steuber",375,Tabitha Scholtis
"Haunting of Molly Hartley, The",206.92,Zulauf-Dicki,215,Corrie Thurber
"Stand, The",259.29,Hermann-Goyette,500,Grady Orhrt
Down to Earth,277.71,Mosciski-Grimes,252,Eddie Cancellario
Son of Godzilla (Kaijûtô no kessen: Gojira no musuko),127.57,Ruecker-Shanahan,176,Martin Landman
"Slams, The",191.97,Willms and Sons,425,Arlyne Daughtrey
Abraham Lincoln,282.59,Lowe and Sons,197,Padriac Crambie
To Grandmother's House We Go,98.74,Roob Inc,11,Jasmine Gaspard
Con Air,204.4,Jakubowski-Durgan,196,Dona Stradling
"Assassination (Ansatsu) (Assassination, The) (Assassin, The)",27.43,"Becker, Wilkinson and Ward",49,Elaine Nisco
"Great Gatsby, The",192.27,Sawayn LLC,110,Lionello Saldler
King of New York,202.61,"Shields, Roberts and Schroeder",471,Leena Gresly
"Russians Are Coming, the Russians Are Coming, The",162.4,Langworth Group,266,Zelma De Benedictis
Star Trek,236.7,"Smith, Armstrong and Robel",402,Oriana Rookes
Metropolitan,21.89,Abbott-Dare,399,Mildrid Le Grys
Do We Really Need the Moon?,179.2,"Borer, Moen and Little",267,Budd Croome
Crocodile Dundee II,111.74,Bins LLC,156,Latashia Setterthwait
"10,000 BC",195.32,Nicolas LLC,174,Marquita Plastow
"Paris, I Love You (Paris, je t'aime)",237.52,"Purdy, Durgan and Hackett",111,Heather Frapwell
"Parade, The (Parada)",216.82,"Wuckert, Sanford and Towne",122,Troy Knibbs
"Delphine 1, Yvan 0",58.22,Jones-Wolf,234,Ernesto Fullstone
Unknown,283.79,Roob Inc,62,Caterina Hannant
"Trojan Women, The",136.84,Berge LLC,446,Siobhan Jerrim
Ready to Rumble,129.78,Rohan-Quigley,427,Amelia Cristofori
"General, The",257.25,Ryan LLC,409,Even Bernardin
"Unsuspected, The",94.05,"Murphy, McDermott and Hermiston",493,Del Caw
"Pet, The",165.88,"Okuneva, Kovacek and McCullough",188,Engracia Dobinson
Personal Velocity,263.18,Sporer-Upton,493,Sasha Ferriday
